Designator,Comment,Layer,Footprint,Center-X(mm),Center-Y(mm),Rotation,Description,Ref-X(mm),Ref-Y(mm),Pad-X(mm),Pad-Y(mm)
Q1,Pmos_SOP8,TopLayer,SOP8_L,3.9878mm,60.3650mm,270,Pmos_SOP8,3.9878mm,60.3650mm,5.8928mm,62.8650mm
E13,220uF/10V,TopLayer,CS_6*4_-_B,8.3820mm,16.5862mm,270,贴片电解电容,8.3820mm,16.5862mm,8.3820mm,13.5862mm
E12,220uF/10V,TopLayer,CS_6*4_-_B,8.3820mm,34.4932mm,270,贴片电解电容,8.3820mm,34.4932mm,8.3820mm,31.4932mm
E11,220uF/10V,TopLayer,CS_6*4_-_B,20.8280mm,62.7376mm,0,贴片电解电容,20.8280mm,62.7376mm,23.8280mm,62.7376mm
E10,220uF/10V,TopLayer,CS_6*4_-_B,8.3820mm,52.0192mm,270,贴片电解电容,8.3820mm,52.0192mm,8.3820mm,49.0192mm
E9,220uF/10V,TopLayer,CS_6*4_-_B,20.8280mm,72.0848mm,0,贴片电解电容,20.8280mm,72.0848mm,23.8280mm,72.0848mm
U16,TPS54202DDCR,TopLayer,SOT23-6L,3.0632mm,10.1092mm,180,DCDC Convert,3.0632mm,10.1092mm,4.0132mm,11.5062mm
U15,TPS54202DDCR,TopLayer,SOT23-6L,3.0632mm,28.0162mm,180,DCDC Convert,3.0632mm,28.0162mm,4.0132mm,29.4132mm
U14,TPS54202DDCR,TopLayer,SOT23-6L,32.2174mm,61.3918mm,0,DCDC Convert,32.2174mm,61.3918mm,31.2674mm,59.9948mm
L8,10uH,TopLayer,SMMS0420,8.0973mm,9.8552mm,180,小功率贴片电感,8.0973mm,9.8552mm,5.8193mm,9.8552mm
L7,10uH,TopLayer,SMMS0420,8.0692mm,27.7622mm,180,小功率贴片电感,8.0692mm,27.7622mm,5.7912mm,27.7622mm
C144,22uF 10V,TopLayer,C0603_L,12.1920mm,8.9800mm,270,无极性贴片电容,12.1920mm,8.9800mm,12.1920mm,9.7050mm
C143,68PF 50V,TopLayer,C0402_L,4.0132mm,7.0713mm,270,无极性贴片电容,4.0132mm,7.0712mm,4.0132mm,7.5213mm
C142,100nF 50V,TopLayer,C0402_L,2.3114mm,12.7254mm,180,无极性贴片电容,2.3114mm,12.7254mm,2.7614mm,12.7254mm
C141,22uF 25V,TopLayer,C0805_L,3.1619mm,14.2748mm,180,无极性贴片电容,3.1618mm,14.2747mm,4.1119mm,14.2748mm
C140,100nF 50V,TopLayer,C0402_L,5.0800mm,7.0713mm,270,无极性贴片电容,5.0800mm,7.0712mm,5.0800mm,7.5213mm
C139,100nF 50V,TopLayer,C0402_L,11.0490mm,7.7216mm,270,无极性贴片电容,11.0490mm,7.7216mm,11.0490mm,8.1716mm
C137,22uF 10V,TopLayer,C0603_L,12.1920mm,26.8870mm,270,无极性贴片电容,12.1920mm,26.8870mm,12.1920mm,27.6120mm
C135,22uF 10V,TopLayer,C0603_L,25.0444mm,64.7584mm,90,无极性贴片电容,25.0444mm,64.7584mm,25.0444mm,64.0334mm
C134,68PF 50V,TopLayer,C0402_L,4.0132mm,24.9783mm,270,无极性贴片电容,4.0132mm,24.9782mm,4.0132mm,25.4283mm
C133,56PF 50V,TopLayer,C0402_L,32.1056mm,64.5342mm,90,无极性贴片电容,32.1056mm,64.5342mm,32.1056mm,64.0842mm
C132,100nF 50V,TopLayer,C0402_L,2.3114mm,30.6324mm,180,无极性贴片电容,2.3114mm,30.6324mm,2.7614mm,30.6324mm
C131,22uF 25V,TopLayer,C0805_L,3.1619mm,32.1818mm,180,无极性贴片电容,3.1618mm,32.1817mm,4.1119mm,32.1818mm
C130,100nF 50V,TopLayer,C0402_L,34.4678mm,60.2488mm,270,无极性贴片电容,34.4678mm,60.2488mm,34.4678mm,60.6988mm
C129,22uF 25V,TopLayer,C0805_L,36.0426mm,61.0972mm,270,无极性贴片电容,36.0427mm,61.0971mm,36.0426mm,62.0472mm
C128,100nF 50V,TopLayer,C0402_L,5.0800mm,24.9783mm,270,无极性贴片电容,5.0800mm,24.9782mm,5.0800mm,25.4283mm
U13,P25Q21H,TopLayer,SOP8_L,39.3700mm,66.1670mm,45,,39.3700mm,66.1670mm,36.2552mm,65.7463mm
R8,10K 1%,TopLayer,R0402_L,39.8018mm,62.0268mm,225,贴片电阻,39.8018mm,62.0268mm,40.1023mm,62.3273mm
MR4,MARK1.6,TopLayer,Mark_1,2.1844mm,73.5584mm,0,光学定位点,2.1844mm,73.5584mm,2.1844mm,73.5584mm
MR3,MARK1.6,BottomLayer,Mark_1,5.3086mm,67.7926mm,180,光学定位点,5.3086mm,67.7926mm,5.3086mm,67.7926mm
MR2,MARK1.6,TopLayer,Mark_1,87.6808mm,6.5024mm,0,光学定位点,87.6808mm,6.5024mm,87.6808mm,6.5024mm
MR1,MARK1.6,BottomLayer,Mark_1,83.2358mm,6.3500mm,180,光学定位点,83.2358mm,6.3500mm,83.2358mm,6.3500mm
C127,1nF 25V,TopLayer,C0402_L,7.2390mm,61.0108mm,270,无极性贴片电容,7.2390mm,61.0108mm,7.2390mm,61.4608mm
E8,47uF/16V,TopLayer,CS_6*4_-_R,18.0191mm,9.5504mm,90,贴片电解电容,18.0191mm,9.5504mm,18.0191mm,12.5504mm
E7,47uF/16V,TopLayer,CS_6*4_-_R,26.3045mm,9.5504mm,90,贴片电解电容,26.3045mm,9.5504mm,26.3045mm,12.5504mm
E6,47uF/16V,TopLayer,CS_6*4_-_R,34.5898mm,9.5504mm,90,贴片电解电容,34.5898mm,9.5504mm,34.5898mm,12.5504mm
E5,47uF/16V,TopLayer,CS_6*4_-_R,42.8752mm,9.5504mm,90,贴片电解电容,42.8752mm,9.5504mm,42.8752mm,12.5504mm
E4,47uF/16V,TopLayer,CS_6*4_-_R,26.3045mm,36.4661mm,90,贴片电解电容,26.3045mm,36.4661mm,26.3045mm,39.4661mm
E3,47uF/16V,TopLayer,CS_6*4_-_R,18.0191mm,36.4661mm,90,贴片电解电容,18.0191mm,36.4661mm,18.0191mm,39.4661mm
E2,47uF/16V,TopLayer,CS_6*4_-_R,42.8752mm,36.4661mm,90,贴片电解电容,42.8752mm,36.4661mm,42.8752mm,39.4661mm
E1,47uF/16V,TopLayer,CS_6*4_-_R,34.5898mm,36.4661mm,90,贴片电解电容,34.5898mm,36.4661mm,34.5898mm,39.4661mm
U1,TPS54202DDCR,TopLayer,SOT23-6L,32.2174mm,70.7390mm,0,DCDC Convert,32.2174mm,70.7390mm,31.2674mm,69.3420mm
J5,USB3.1_Type-A,TopLayer,USB3.1_Type-A_立式直插,72.0344mm,69.9262mm,0,USB接口,72.0344mm,69.9262mm,68.5343mm,69.1769mm
Y4,25Mhz,TopLayer,OSC_3225-4P,40.6400mm,72.8726mm,270,,40.6400mm,72.8726mm,39.7900mm,73.9226mm
Y3,30Mhz,BottomLayer,OSC_3225-4P,87.1338mm,46.8970mm,270,,87.1338mm,46.8970mm,87.9838mm,47.9470mm
Y2,30Mhz,BottomLayer,OSC_3225-4P,87.1338mm,27.5930mm,270,,87.1338mm,27.5930mm,87.9838mm,28.6430mm
Y1,30Mhz,BottomLayer,OSC_3225-4P,87.1338mm,8.5176mm,270,,87.1338mm,8.5176mm,87.9838mm,9.5676mm
U12,TPD4E02B04,BottomLayer,DIO_TPD4E02B04DQAR,80.8482mm,72.9488mm,180,ESD,80.8482mm,72.9488mm,81.2657mm,73.9488mm
U11,TPD4E02B04,BottomLayer,DIO_TPD4E02B04DQAR,80.8482mm,65.6082mm,180,ESD,80.8482mm,65.6082mm,81.2657mm,66.6082mm
U10,VL822 Q7,TopLayer,QFN-76_L9.0-W9.0-P0.40-EP6.3-TL,50.7492mm,67.1830mm,135,,50.7492mm,67.1830mm,51.3509mm,61.4913mm
U9,VL160,BottomLayer,MQFN-28_L4.5-W3.5-P0.40-BL-EP,58.7502mm,69.2404mm,270,,58.7502mm,69.2404mm,60.4502mm,71.0402mm
U8,P25Q21H,BottomLayer,SOP8_L,75.9306mm,60.5282mm,0,,75.9306mm,60.5282mm,73.4306mm,58.6232mm
U7,JMS578,BottomLayer,QFN48-L6.0-W6.0-P0.4,82.4512mm,53.4004mm,270,,82.4512mm,53.4004mm,80.2512mm,56.4004mm
U6,P25Q21H,BottomLayer,SOP8_L,75.9306mm,41.2242mm,0,,75.9306mm,41.2242mm,73.4306mm,39.3192mm
U5,P25Q21H,BottomLayer,SOP8_L,75.9306mm,22.1488mm,0,,75.9306mm,22.1488mm,73.4306mm,20.2438mm
U4,JMS578,BottomLayer,QFN48-L6.0-W6.0-P0.4,82.4484mm,34.0868mm,270,,82.4484mm,34.0868mm,80.2484mm,37.0868mm
U3,JMS578,BottomLayer,QFN48-L6.0-W6.0-P0.4,82.4484mm,15.0114mm,270,,82.4484mm,15.0114mm,80.2484mm,18.0114mm
U2,TPS54202DDCR,TopLayer,SOT23-6L,3.0632mm,45.5422mm,180,DCDC Convert,3.0632mm,45.5422mm,4.0132mm,46.9392mm
R55,4.7K 1%,TopLayer,R0402_L,58.1152mm,69.3928mm,45,贴片电阻,58.1152mm,69.3928mm,57.8147mm,69.0923mm
R54,4.7K 1%,TopLayer,R0402_L,51.7076mm,74.5744mm,0,贴片电阻,51.7076mm,74.5744mm,51.2826mm,74.5744mm
R53,10K 1%,TopLayer,R0402_L,48.0568mm,74.0664mm,315,贴片电阻,48.0568mm,74.0664mm,47.7563mm,74.3669mm
R52,4.7K 1%,TopLayer,R0402_L,49.7586mm,74.5744mm,180,贴片电阻,49.7586mm,74.5744mm,50.1836mm,74.5744mm
R51,1M 1%,TopLayer,R0402_L,47.2948mm,73.3044mm,135,贴片电阻,47.2948mm,73.3044mm,47.5953mm,73.0039mm
R50,4.7K 1%,TopLayer,R0402_L,45.7454mm,74.5744mm,180,贴片电阻,45.7454mm,74.5744mm,46.1704mm,74.5744mm
R49,12.4k 1%,TopLayer,R0402_L,45.5168mm,71.5772mm,135,贴片电阻,45.5168mm,71.5772mm,45.8173mm,71.2767mm
R48,4.7K 1%,TopLayer,R0402_L,53.0860mm,60.1726mm,135,贴片电阻,53.0860mm,60.1726mm,53.3865mm,59.8721mm
R47,20K 1%,BottomLayer,R0402_L,59.2328mm,64.7700mm,90,贴片电阻,59.2328mm,64.7700mm,59.2328mm,64.3450mm
R46,20K 1%,BottomLayer,R0402_L,58.1152mm,64.7700mm,90,贴片电阻,58.1152mm,64.7700mm,58.1152mm,64.3450mm
R45,10K 1%,BottomLayer,R0402_L,59.3090mm,73.5648mm,90,贴片电阻,59.3090mm,73.5648mm,59.3090mm,73.1398mm
R44,4.7K 1%,TopLayer,R0402_L,51.7398mm,59.6900mm,0,贴片电阻,51.7398mm,59.6900mm,51.3148mm,59.6900mm
R43,4.7K 1%,TopLayer,R0402_L,49.8162mm,59.6900mm,180,贴片电阻,49.8162mm,59.6900mm,50.2412mm,59.6900mm
R42,4.7K 1%,TopLayer,R0402_L,43.8447mm,64.5203mm,225,贴片电阻,43.8447mm,64.5203mm,44.1452mm,64.8208mm
R41,4.7K 1%,TopLayer,R0402_L,44.6067mm,63.7583mm,225,贴片电阻,44.6067mm,63.7583mm,44.9072mm,64.0588mm
R40,4.7K 1%,TopLayer,R0402_L,46.8927mm,61.4723mm,225,贴片电阻,46.8927mm,61.4723mm,47.1932mm,61.7728mm
R39,10K 1%,BottomLayer,R0402_L,58.2168mm,73.5584mm,270,贴片电阻,58.2168mm,73.5584mm,58.2168mm,73.9834mm
R38,10K 1%,BottomLayer,R0402_L,57.1246mm,73.5584mm,270,贴片电阻,57.1246mm,73.5584mm,57.1246mm,73.9834mm
R37,12K 1%,BottomLayer,R0402_L,78.6892mm,47.9403mm,90,贴片电阻,78.6892mm,47.9403mm,78.6892mm,47.5153mm
R36,100K 1%,BottomLayer,R0402_L,81.2292mm,58.8232mm,270,贴片电阻,81.2292mm,58.8232mm,81.2292mm,59.2482mm
R35,4.7K 1%,BottomLayer,R0402_L,76.9438mm,50.0380mm,180,贴片电阻,76.9438mm,50.0380mm,77.3688mm,50.0380mm
R34,330K 1%,BottomLayer,R0402_L,76.9438mm,51.1048mm,180,贴片电阻,76.9438mm,51.1048mm,77.3688mm,51.1048mm
R33,12K 1%,BottomLayer,R0402_L,78.6892mm,28.6363mm,90,贴片电阻,78.6892mm,28.6363mm,78.6892mm,28.2113mm
R32,12K 1%,BottomLayer,R0402_L,78.6892mm,9.5609mm,90,贴片电阻,78.6892mm,9.5609mm,78.6892mm,9.1359mm
R31,100K 1%,BottomLayer,R0402_L,81.2292mm,39.5192mm,270,贴片电阻,81.2292mm,39.5192mm,81.2292mm,39.9442mm
R30,100K 1%,BottomLayer,R0402_L,81.2292mm,20.4438mm,270,贴片电阻,81.2292mm,20.4438mm,81.2292mm,20.8688mm
R29,4.7K 1%,BottomLayer,R0402_L,76.9438mm,30.7340mm,180,贴片电阻,76.9438mm,30.7340mm,77.3688mm,30.7340mm
R28,4.7K 1%,BottomLayer,R0402_L,76.9438mm,11.6586mm,180,贴片电阻,76.9438mm,11.6586mm,77.3688mm,11.6586mm
R27,330K 1%,BottomLayer,R0402_L,76.9438mm,31.8008mm,180,贴片电阻,76.9438mm,31.8008mm,77.3688mm,31.8008mm
R26,330K 1%,BottomLayer,R0402_L,76.9438mm,12.7254mm,180,贴片电阻,76.9438mm,12.7254mm,77.3688mm,12.7254mm
R25,4.7K 1%,BottomLayer,R0402_L,1.1176mm,65.5252mm,270,贴片电阻,1.1176mm,65.5252mm,1.1176mm,65.9502mm
R24,4.7K 1%,BottomLayer,R0402_L,1.1176mm,73.3044mm,90,贴片电阻,1.1176mm,73.3044mm,1.1176mm,72.8794mm
R23,4.7K 1%,BottomLayer,R0402_L,1.1176mm,37.4650mm,270,贴片电阻,1.1176mm,37.4650mm,1.1176mm,37.8900mm
R22,4.7K 1%,BottomLayer,R0402_L,1.1176mm,45.2374mm,90,贴片电阻,1.1176mm,45.2374mm,1.1176mm,44.8124mm
R21,4.7K 1%,BottomLayer,R0402_L,1.1176mm,9.3218mm,270,贴片电阻,1.1176mm,9.3218mm,1.1176mm,9.7468mm
R20,4.7K 1%,BottomLayer,R0402_L,1.1176mm,17.0942mm,90,贴片电阻,1.1176mm,17.0942mm,1.1176mm,16.6692mm
R12,13.7K 1%,TopLayer,R0402_L,1.8796mm,7.0680mm,270,贴片电阻,1.8796mm,7.0680mm,1.8796mm,7.4930mm
R11,10K 1%,TopLayer,R0402_L,8.3566mm,61.0108mm,270,贴片电阻,8.3566mm,61.0108mm,8.3566mm,61.4358mm
R10,100K 1%,TopLayer,R0402_L,2.9464mm,7.0744mm,90,贴片电阻,2.9464mm,7.0744mm,2.9464mm,6.6494mm
R9,13.7K 1%,TopLayer,R0402_L,1.8796mm,24.9750mm,270,贴片电阻,1.8796mm,24.9750mm,1.8796mm,25.4000mm
R7,22.1K 1%,TopLayer,R0402_L,34.2392mm,64.5346mm,90,贴片电阻,34.2392mm,64.5346mm,34.2392mm,64.1096mm
R6,100K 1%,TopLayer,R0402_L,2.9464mm,24.9814mm,90,贴片电阻,2.9464mm,24.9814mm,2.9464mm,24.5564mm
R5,100K 1%,TopLayer,R0402_L,33.1724mm,64.5346mm,270,贴片电阻,33.1724mm,64.5346mm,33.1724mm,64.9596mm
R4,13.7K 1%,TopLayer,R0402_L,1.8796mm,42.5010mm,270,贴片电阻,1.8796mm,42.5010mm,1.8796mm,42.9260mm
R3,66.5K 1%,TopLayer,R0402_L,34.2392mm,73.8818mm,90,贴片电阻,34.2392mm,73.8818mm,34.2392mm,73.4568mm
R2,100K 1%,TopLayer,R0402_L,2.9464mm,42.5074mm,90,贴片电阻,2.9464mm,42.5074mm,2.9464mm,42.0824mm
R1,100K 1%,TopLayer,R0402_L,33.1724mm,73.8818mm,270,贴片电阻,33.1724mm,73.8818mm,33.1724mm,74.3068mm
L6,4.7uH,BottomLayer,SMMS0420,73.6854mm,51.3334mm,90,小功率贴片电感,73.6854mm,51.3334mm,73.6854mm,53.6114mm
L5,4.7uH,BottomLayer,SMMS0420,73.6854mm,32.0294mm,90,小功率贴片电感,73.6854mm,32.0294mm,73.6854mm,34.3074mm
L4,4.7uH,BottomLayer,SMMS0420,73.6854mm,12.9540mm,90,小功率贴片电感,73.6854mm,12.9540mm,73.6854mm,15.2320mm
L3,4.7uH,TopLayer,SMMS0420,28.1432mm,62.5522mm,270,小功率贴片电感,28.1432mm,62.5522mm,28.1432mm,60.2742mm
L2,10uH,TopLayer,SMMS0420,8.0692mm,45.2882mm,180,小功率贴片电感,8.0692mm,45.2882mm,5.7912mm,45.2882mm
L1,1.5uH,TopLayer,SMMS0420,28.1432mm,71.8994mm,270,小功率贴片电感,28.1432mm,71.8994mm,28.1432mm,69.6214mm
JP2,HDR-1X2,TopLayer,XH2.54-WS-2P,70.5250mm,13.4220mm,225,2P接插件,70.6120mm,13.3350mm,75.0180mm,10.6968mm
JP1,HDR-1X2,TopLayer,ZH1.5-WS-2P,12.9391mm,59.1461mm,45,2P接插件,13.6398mm,58.4454mm,10.2457mm,60.7789mm
J4,TYPEC-501S-ACP24H92,TopLayer,TypeC_24p_直立,86.0806mm,69.2912mm,270,"USB-C (USB TYPE-C) USB 3.2 Gen 2 (USB 3.1 Gen 2, Superspeed + (USB 3.1)) Receptacle Connector 24 Position Surface Mount, Right Angle; Through Hole",86.0806mm,69.2912mm,86.8006mm,72.0413mm
CON1,3.5*1.3,TopLayer,DC-012,7.9708mm,71.2598mm,270,低压电源接口,10.4708mm,73.6348mm,10.4708mm,73.6348mm
C126,100nF 6.3V,TopLayer,C0402_L,54.8640mm,61.9506mm,135,无极性贴片电容,54.8640mm,61.9506mm,55.1822mm,61.6324mm
C125,100nF 6.3V,TopLayer,C0402_L,44.7548mm,70.8152mm,315,无极性贴片电容,44.7548mm,70.8152mm,44.4366mm,71.1334mm
C124,100nF 6.3V,TopLayer,C0402_L,56.5658mm,63.6270mm,135,无极性贴片电容,56.5658mm,63.6270mm,56.8840mm,63.3088mm
C123,100nF 6.3V,TopLayer,C0402_L,55.2196mm,72.2376mm,225,无极性贴片电容,55.2196mm,72.2376mm,55.5378mm,72.5558mm
C122,100nF 6.3V,TopLayer,C0402_L,56.0832mm,71.3740mm,225,无极性贴片电容,56.0832mm,71.3740mm,56.4014mm,71.6922mm
C121,100nF 6.3V,TopLayer,C0402_L,54.0004mm,61.0870mm,135,无极性贴片电容,54.0004mm,61.0870mm,54.3186mm,60.7688mm
C120,100nF 6.3V,TopLayer,C0402_L,45.3764mm,63.0040mm,45,无极性贴片电容,45.3764mm,63.0040mm,45.0582mm,62.6858mm
C119,100nF 6.3V,TopLayer,C0402_L,54.3814mm,73.1012mm,225,无极性贴片电容,54.3814mm,73.1012mm,54.6996mm,73.4194mm
C118,100nF 6.3V,TopLayer,C0402_L,53.5686mm,73.9394mm,225,无极性贴片电容,53.5686mm,73.9394mm,53.8868mm,74.2576mm
C117,100nF 6.3V,TopLayer,C0402_L,55.7022mm,62.7888mm,135,无极性贴片电容,55.7022mm,62.7888mm,56.0204mm,62.4706mm
C116,100nF 6.3V,TopLayer,C0402_L,43.2308mm,69.2912mm,315,无极性贴片电容,43.2308mm,69.2912mm,42.9126mm,69.6094mm
C115,100nF 6.3V,TopLayer,C0402_L,43.9928mm,70.0532mm,315,无极性贴片电容,43.9928mm,70.0532mm,43.6746mm,70.3714mm
C114,100nF 6.3V,TopLayer,C0402_L,46.3042mm,72.3392mm,315,无极性贴片电容,46.3042mm,72.3392mm,45.9860mm,72.6574mm
C113,100nF 6.3V,TopLayer,C0402_L,56.9214mm,70.5612mm,225,无极性贴片电容,56.9214mm,70.5612mm,57.2396mm,70.8794mm
C112,100nF 6.3V,TopLayer,C0402_L,43.0904mm,65.2900mm,45,无极性贴片电容,43.0904mm,65.2900mm,42.7722mm,64.9718mm
C111,100nF 6.3V,TopLayer,C0402_L,57.4294mm,64.4652mm,135,无极性贴片电容,57.4294mm,64.4652mm,57.7476mm,64.1470mm
C110,100nF 6.3V,TopLayer,C0402_L,48.1450mm,60.2354mm,225,无极性贴片电容,48.1450mm,60.2354mm,48.4632mm,60.5536mm
C109,22pF/16V,TopLayer,C0402_L,42.9006mm,71.8494mm,270,无极性贴片电容,42.9006mm,71.8494mm,42.9006mm,72.2994mm
C108,22pF/16V,TopLayer,C0402_L,42.9006mm,73.9140mm,90,无极性贴片电容,42.9006mm,73.9140mm,42.9006mm,73.4640mm
C107,100nF 6.3V,TopLayer,C0402_L,62.4840mm,73.3044mm,180,无极性贴片电容,62.4840mm,73.3044mm,62.9340mm,73.3044mm
C106,100nF 6.3V,TopLayer,C0402_L,62.4840mm,72.2376mm,180,无极性贴片电容,62.4840mm,72.2376mm,62.9340mm,72.2376mm
C105,100nF 6.3V,TopLayer,C0402_L,62.1150mm,69.7872mm,135,无极性贴片电容,62.1150mm,69.7872mm,62.4332mm,69.4690mm
C104,100nF 6.3V,TopLayer,C0402_L,61.3530mm,69.0252mm,135,无极性贴片电容,61.3530mm,69.0252mm,61.6712mm,68.7070mm
C103,100nF 6.3V,TopLayer,C0402_L,62.8904mm,63.8048mm,180,无极性贴片电容,62.8904mm,63.8048mm,63.3404mm,63.8048mm
C102,100nF 6.3V,TopLayer,C0402_L,62.8904mm,62.7380mm,180,无极性贴片电容,62.8904mm,62.7380mm,63.3404mm,62.7380mm
C101,100nF 6.3V,BottomLayer,C0402_L,54.7624mm,70.2056mm,180,无极性贴片电容,54.7624mm,70.2056mm,55.2124mm,70.2056mm
C100,100nF 6.3V,BottomLayer,C0402_L,54.7624mm,69.1388mm,180,无极性贴片电容,54.7624mm,69.1388mm,55.2124mm,69.1388mm
C99,100nF 6.3V,TopLayer,C0402_L,62.9794mm,60.6527mm,180,无极性贴片电容,62.9793mm,60.6527mm,63.4294mm,60.6527mm
C98,100nF 6.3V,TopLayer,C0402_L,62.9794mm,59.5859mm,180,无极性贴片电容,62.9793mm,59.5859mm,63.4294mm,59.5859mm
C97,100nF 6.3V,TopLayer,C0402_L,46.1384mm,62.2420mm,225,无极性贴片电容,46.1384mm,62.2420mm,46.4566mm,62.5602mm
C96,100nF 10V,BottomLayer,C0402_L,60.4012mm,73.5617mm,270,无极性贴片电容,60.4012mm,73.5616mm,60.4012mm,74.0117mm
C95,33pF/16V,BottomLayer,C0402_L,84.8614mm,45.8470mm,270,无极性贴片电容,84.8614mm,45.8470mm,84.8614mm,46.2970mm
C94,33pF/16V,BottomLayer,C0402_L,84.8614mm,47.9298mm,90,无极性贴片电容,84.8614mm,47.9298mm,84.8614mm,47.4798mm
C93,100nF 6.3V,BottomLayer,C0402_L,87.8980mm,52.4510mm,180,无极性贴片电容,87.8980mm,52.4510mm,88.3480mm,52.4510mm
C92,100nF 6.3V,BottomLayer,C0402_L,87.8980mm,53.5178mm,180,无极性贴片电容,87.8980mm,53.5178mm,88.3480mm,53.5178mm
C91,100nF 6.3V,BottomLayer,C0402_L,83.3628mm,58.8264mm,270,无极性贴片电容,83.3628mm,58.8264mm,83.3628mm,59.2764mm
C90,100nF 6.3V,BottomLayer,C0402_L,80.6958mm,60.3504mm,180,无极性贴片电容,80.6958mm,60.3504mm,81.1458mm,60.3504mm
C89,100nF 6.3V,BottomLayer,C0402_L,76.9438mm,55.7784mm,0,无极性贴片电容,76.9438mm,55.7784mm,76.4938mm,55.7784mm
C88,100nF 6.3V,BottomLayer,C0402_L,87.8980mm,55.6514mm,180,无极性贴片电容,87.8980mm,55.6514mm,88.3480mm,55.6514mm
C87,100nF 6.3V,BottomLayer,C0402_L,85.4964mm,58.8264mm,270,无极性贴片电容,85.4964mm,58.8264mm,85.4964mm,59.2764mm
C86,100nF 6.3V,BottomLayer,C0402_L,76.9438mm,54.7116mm,0,无极性贴片电容,76.9438mm,54.7116mm,76.4938mm,54.7116mm
C85,100nF 6.3V,BottomLayer,C0402_L,76.9438mm,53.2384mm,0,无极性贴片电容,76.9438mm,53.2384mm,76.4938mm,53.2384mm
C84,100nF 6.3V,BottomLayer,C0402_L,87.8980mm,51.3842mm,180,无极性贴片电容,87.8980mm,51.3842mm,88.3480mm,51.3842mm
C83,100nF 6.3V,BottomLayer,C0402_L,83.0637mm,47.9370mm,90,无极性贴片电容,83.0637mm,47.9370mm,83.0637mm,47.4870mm
C82,100nF 6.3V,BottomLayer,C0402_L,87.8980mm,54.5846mm,180,无极性贴片电容,87.8980mm,54.5846mm,88.3480mm,54.5846mm
C81,100nF 6.3V,BottomLayer,C0402_L,87.8980mm,50.3174mm,180,无极性贴片电容,87.8980mm,50.3174mm,88.3480mm,50.3174mm
C80,100nF 6.3V,BottomLayer,C0402_L,84.4296mm,58.8264mm,270,无极性贴片电容,84.4296mm,58.8264mm,84.4296mm,59.2764mm
C79,100nF 6.3V,BottomLayer,C0402_L,82.2960mm,58.8264mm,270,无极性贴片电容,82.2960mm,58.8264mm,82.2960mm,59.2764mm
C78,100nF 6.3V,BottomLayer,C0402_L,81.8896mm,47.9370mm,90,无极性贴片电容,81.8896mm,47.9370mm,81.8896mm,47.4870mm
C77,1uF 10V,BottomLayer,C0402_L,80.1624mm,58.8264mm,270,无极性贴片电容,80.1624mm,58.8264mm,80.1624mm,59.2764mm
C76,100nF 6.3V,BottomLayer,C0402_L,77.6224mm,47.9370mm,90,无极性贴片电容,77.6224mm,47.9370mm,77.6224mm,47.4870mm
C75,10uF 6.3V,BottomLayer,C0603_L,75.6666mm,48.1330mm,180,无极性贴片电容,75.6666mm,48.1330mm,76.3916mm,48.1330mm
C74,1uF 10V,BottomLayer,C0402_L,76.9438mm,52.1716mm,180,无极性贴片电容,76.9438mm,52.1716mm,77.3938mm,52.1716mm
C73,33pF/16V,BottomLayer,C0402_L,84.8614mm,26.5430mm,270,无极性贴片电容,84.8614mm,26.5430mm,84.8614mm,26.9930mm
C72,33pF/16V,BottomLayer,C0402_L,84.8614mm,28.6258mm,90,无极性贴片电容,84.8614mm,28.6258mm,84.8614mm,28.1758mm
C71,33pF/16V,BottomLayer,C0402_L,84.8614mm,7.4676mm,270,无极性贴片电容,84.8614mm,7.4676mm,84.8614mm,7.9176mm
C70,33pF/16V,BottomLayer,C0402_L,84.8614mm,9.5504mm,90,无极性贴片电容,84.8614mm,9.5504mm,84.8614mm,9.1004mm
C69,100nF 6.3V,BottomLayer,C0402_L,87.8980mm,33.1470mm,180,无极性贴片电容,87.8980mm,33.1470mm,88.3480mm,33.1470mm
C68,100nF 6.3V,BottomLayer,C0402_L,87.8980mm,14.0716mm,180,无极性贴片电容,87.8980mm,14.0716mm,88.3480mm,14.0716mm
C67,100nF 6.3V,BottomLayer,C0402_L,87.8980mm,34.2138mm,180,无极性贴片电容,87.8980mm,34.2138mm,88.3480mm,34.2138mm
C66,100nF 6.3V,BottomLayer,C0402_L,87.8980mm,15.1384mm,180,无极性贴片电容,87.8980mm,15.1384mm,88.3480mm,15.1384mm
C65,100nF 6.3V,BottomLayer,C0402_L,83.3628mm,39.5224mm,270,无极性贴片电容,83.3628mm,39.5224mm,83.3628mm,39.9724mm
C64,100nF 6.3V,BottomLayer,C0402_L,87.8980mm,36.3474mm,180,无极性贴片电容,87.8980mm,36.3474mm,88.3480mm,36.3474mm
C63,100nF 6.3V,BottomLayer,C0402_L,80.6958mm,41.0210mm,180,无极性贴片电容,80.6958mm,41.0210mm,81.1458mm,41.0210mm
C62,100nF 6.3V,BottomLayer,C0402_L,76.9438mm,36.4744mm,0,无极性贴片电容,76.9438mm,36.4744mm,76.4938mm,36.4744mm
C61,100nF 6.3V,BottomLayer,C0402_L,85.4964mm,39.5224mm,270,无极性贴片电容,85.4964mm,39.5224mm,85.4964mm,39.9724mm
C60,100nF 6.3V,BottomLayer,C0402_L,76.9438mm,35.4076mm,0,无极性贴片电容,76.9438mm,35.4076mm,76.4938mm,35.4076mm
C59,100nF 6.3V,BottomLayer,C0402_L,83.3628mm,20.4470mm,270,无极性贴片电容,83.3628mm,20.4470mm,83.3628mm,20.8970mm
C58,100nF 6.3V,BottomLayer,C0402_L,80.6958mm,21.9456mm,180,无极性贴片电容,80.6958mm,21.9456mm,81.1458mm,21.9456mm
C57,100nF 6.3V,BottomLayer,C0402_L,87.8980mm,17.2720mm,180,无极性贴片电容,87.8980mm,17.2720mm,88.3480mm,17.2720mm
C56,100nF 6.3V,BottomLayer,C0402_L,76.9438mm,17.3990mm,0,无极性贴片电容,76.9438mm,17.3990mm,76.4938mm,17.3990mm
C55,100nF 6.3V,BottomLayer,C0402_L,85.4964mm,20.4470mm,270,无极性贴片电容,85.4964mm,20.4470mm,85.4964mm,20.8970mm
C54,100nF 6.3V,BottomLayer,C0402_L,76.9438mm,16.3322mm,0,无极性贴片电容,76.9438mm,16.3322mm,76.4938mm,16.3322mm
C53,100nF 6.3V,BottomLayer,C0402_L,82.2960mm,39.5224mm,270,无极性贴片电容,82.2960mm,39.5224mm,82.2960mm,39.9724mm
C52,100nF 6.3V,BottomLayer,C0402_L,87.8980mm,35.2806mm,180,无极性贴片电容,87.8980mm,35.2806mm,88.3480mm,35.2806mm
C51,100nF 6.3V,BottomLayer,C0402_L,76.9438mm,33.9344mm,0,无极性贴片电容,76.9438mm,33.9344mm,76.4938mm,33.9344mm
C50,100nF 6.3V,BottomLayer,C0402_L,84.4296mm,39.5224mm,270,无极性贴片电容,84.4296mm,39.5224mm,84.4296mm,39.9724mm
C49,100nF 6.3V,BottomLayer,C0402_L,83.0637mm,28.6330mm,90,无极性贴片电容,83.0637mm,28.6330mm,83.0637mm,28.1830mm
C48,100nF 6.3V,BottomLayer,C0402_L,81.8896mm,28.6330mm,90,无极性贴片电容,81.8896mm,28.6330mm,81.8896mm,28.1830mm
C47,100nF 6.3V,BottomLayer,C0402_L,87.8980mm,31.0134mm,180,无极性贴片电容,87.8980mm,31.0134mm,88.3480mm,31.0134mm
C46,100nF 6.3V,BottomLayer,C0402_L,87.8980mm,32.0802mm,180,无极性贴片电容,87.8980mm,32.0802mm,88.3480mm,32.0802mm
C45,100nF 6.3V,BottomLayer,C0402_L,82.2960mm,20.4470mm,270,无极性贴片电容,82.2960mm,20.4470mm,82.2960mm,20.8970mm
C44,100nF 6.3V,BottomLayer,C0402_L,87.8980mm,16.2052mm,180,无极性贴片电容,87.8980mm,16.2052mm,88.3480mm,16.2052mm
C43,100nF 6.3V,BottomLayer,C0402_L,76.9438mm,14.8590mm,0,无极性贴片电容,76.9438mm,14.8590mm,76.4938mm,14.8590mm
C42,100nF 6.3V,BottomLayer,C0402_L,81.8896mm,9.5576mm,90,无极性贴片电容,81.8896mm,9.5576mm,81.8896mm,9.1076mm
C41,100nF 6.3V,BottomLayer,C0402_L,83.0637mm,9.5576mm,90,无极性贴片电容,83.0637mm,9.5576mm,83.0637mm,9.1076mm
C40,100nF 6.3V,BottomLayer,C0402_L,84.4296mm,20.4470mm,270,无极性贴片电容,84.4296mm,20.4470mm,84.4296mm,20.8970mm
C39,100nF 6.3V,BottomLayer,C0402_L,87.8980mm,11.9380mm,180,无极性贴片电容,87.8980mm,11.9380mm,88.3480mm,11.9380mm
C38,100nF 6.3V,BottomLayer,C0402_L,87.8980mm,13.0048mm,180,无极性贴片电容,87.8980mm,13.0048mm,88.3480mm,13.0048mm
C37,1uF 10V,BottomLayer,C0402_L,80.1624mm,39.5224mm,270,无极性贴片电容,80.1624mm,39.5224mm,80.1624mm,39.9724mm
C36,1uF 10V,BottomLayer,C0402_L,80.1624mm,20.4470mm,270,无极性贴片电容,80.1624mm,20.4470mm,80.1624mm,20.8970mm
C35,100nF 6.3V,BottomLayer,C0402_L,77.6224mm,28.6330mm,90,无极性贴片电容,77.6224mm,28.6330mm,77.6224mm,28.1830mm
C34,10uF 6.3V,BottomLayer,C0603_L,75.6666mm,28.8290mm,180,无极性贴片电容,75.6666mm,28.8290mm,76.3916mm,28.8290mm
C33,100nF 6.3V,BottomLayer,C0402_L,77.6224mm,9.5504mm,90,无极性贴片电容,77.6224mm,9.5504mm,77.6224mm,9.1004mm
C32,10uF 6.3V,BottomLayer,C0603_L,75.6666mm,9.7536mm,180,无极性贴片电容,75.6666mm,9.7536mm,76.3916mm,9.7536mm
C31,1uF 10V,BottomLayer,C0402_L,76.9438mm,32.8676mm,180,无极性贴片电容,76.9438mm,32.8676mm,77.3938mm,32.8676mm
C30,1uF 10V,BottomLayer,C0402_L,76.9438mm,13.7922mm,180,无极性贴片电容,76.9438mm,13.7922mm,77.3938mm,13.7922mm
C29,10nF 6.3V,BottomLayer,C0402_L,61.7982mm,5.8928mm,0,无极性贴片电容,61.7982mm,5.8928mm,61.3482mm,5.8928mm
C28,10nF 6.3V,BottomLayer,C0402_L,46.0248mm,31.8262mm,0,无极性贴片电容,46.0248mm,31.8262mm,45.5748mm,31.8262mm
C27,10nF 6.3V,BottomLayer,C0402_L,64.4874mm,59.8609mm,0,无极性贴片电容,64.4874mm,59.8609mm,64.0374mm,59.8609mm
C26,10nF 6.3V,BottomLayer,C0402_L,61.7982mm,6.9596mm,0,无极性贴片电容,61.7982mm,6.9596mm,61.3482mm,6.9596mm
C25,10nF 6.3V,BottomLayer,C0402_L,46.0248mm,32.8930mm,0,无极性贴片电容,46.0248mm,32.8930mm,45.5748mm,32.8930mm
C24,10nF 6.3V,BottomLayer,C0402_L,64.4874mm,60.9277mm,0,无极性贴片电容,64.4874mm,60.9277mm,64.0374mm,60.9277mm
C23,10nF 6.3V,BottomLayer,C0402_L,80.8228mm,9.5504mm,90,无极性贴片电容,80.8228mm,9.5504mm,80.8228mm,9.1004mm
C22,10nF 6.3V,BottomLayer,C0402_L,80.8228mm,28.6330mm,90,无极性贴片电容,80.8228mm,28.6330mm,80.8228mm,28.1830mm
C21,10nF 6.3V,BottomLayer,C0402_L,80.8228mm,47.9370mm,90,无极性贴片电容,80.8228mm,47.9370mm,80.8228mm,47.4870mm
C20,10nF 6.3V,BottomLayer,C0402_L,79.7560mm,9.5504mm,90,无极性贴片电容,79.7560mm,9.5504mm,79.7560mm,9.1004mm
C19,10nF 6.3V,BottomLayer,C0402_L,79.7560mm,28.6330mm,90,无极性贴片电容,79.7560mm,28.6330mm,79.7560mm,28.1830mm
C18,10nF 6.3V,BottomLayer,C0402_L,79.7560mm,47.9370mm,90,无极性贴片电容,79.7560mm,47.9370mm,79.7560mm,47.4870mm
C17,100nF 50V,TopLayer,C0402_L,31.0388mm,64.5342mm,90,无极性贴片电容,31.0388mm,64.5342mm,31.0388mm,64.0842mm
C16,100nF 50V,TopLayer,C0402_L,11.0490mm,25.6104mm,270,无极性贴片电容,11.0490mm,25.6104mm,11.0490mm,26.0604mm
C15,100nF 50V,TopLayer,C0402_L,25.0444mm,61.0616mm,270,无极性贴片电容,25.0444mm,61.0616mm,25.0444mm,61.5116mm
C13,22uF 10V,TopLayer,C0603_L,12.1920mm,44.4130mm,270,无极性贴片电容,12.1920mm,44.4130mm,12.1920mm,45.1380mm
C11,22uF 10V,TopLayer,C0603_L,25.0444mm,74.1056mm,90,无极性贴片电容,25.0444mm,74.1056mm,25.0444mm,73.3806mm
C10,68PF 50V,TopLayer,C0402_L,4.0132mm,42.5043mm,270,无极性贴片电容,4.0132mm,42.5042mm,4.0132mm,42.9543mm
C9,150PF 50V,TopLayer,C0402_L,32.1056mm,73.8814mm,90,无极性贴片电容,32.1056mm,73.8814mm,32.1056mm,73.4314mm
C8,100nF 50V,TopLayer,C0402_L,2.3114mm,48.1584mm,180,无极性贴片电容,2.3114mm,48.1584mm,2.7614mm,48.1584mm
C7,22uF 25V,TopLayer,C0805_L,3.1619mm,49.7078mm,180,无极性贴片电容,3.1618mm,49.7077mm,4.1119mm,49.7078mm
C6,100nF 50V,TopLayer,C0402_L,34.4678mm,69.5960mm,270,无极性贴片电容,34.4678mm,69.5960mm,34.4678mm,70.0460mm
C5,22uF 10V,TopLayer,C0805_L,36.0426mm,70.4444mm,270,无极性贴片电容,36.0427mm,70.4443mm,36.0426mm,71.3944mm
C4,100nF 50V,TopLayer,C0402_L,5.0800mm,42.5043mm,270,无极性贴片电容,5.0800mm,42.5042mm,5.0800mm,42.9543mm
C3,100nF 50V,TopLayer,C0402_L,31.0388mm,73.8814mm,90,无极性贴片电容,31.0388mm,73.8814mm,31.0388mm,73.4314mm
C2,100nF 50V,TopLayer,C0402_L,11.0490mm,43.1546mm,270,无极性贴片电容,11.0490mm,43.1546mm,11.0490mm,43.6046mm
C1,100nF 50V,TopLayer,C0402_L,25.0444mm,70.4088mm,270,无极性贴片电容,25.0444mm,70.4088mm,25.0444mm,70.8588mm
LED8,green,BottomLayer,LED_0805G,2.6416mm,67.5615mm,90,插件LED,2.6417mm,67.5616mm,2.6416mm,66.6115mm
LED7,blue,BottomLayer,LED_0805B,2.6417mm,73.7871mm,270,插件LED,2.6416mm,73.7870mm,2.6417mm,74.7371mm
LED6,green,BottomLayer,LED_0805G,2.6416mm,39.5080mm,90,插件LED,2.6417mm,39.5081mm,2.6416mm,38.5580mm
LED5,blue,BottomLayer,LED_0805B,2.6417mm,45.7336mm,270,插件LED,2.6416mm,45.7335mm,2.6417mm,46.6836mm
LED4,green,BottomLayer,LED_0805G,2.6416mm,11.3653mm,90,插件LED,2.6417mm,11.3654mm,2.6416mm,10.4153mm
LED3,blue,BottomLayer,LED_0805B,2.6417mm,17.5909mm,270,插件LED,2.6416mm,17.5908mm,2.6417mm,18.5409mm
J3,SATA15P,BottomLayer,SATA_15P_贴片,33.1812mm,9.2286mm,180,,51.9612mm,8.4786mm,13.9612mm,8.4786mm
J2,SATA15P,BottomLayer,SATA_15P_贴片,33.1812mm,37.3713mm,180,,51.9612mm,36.6213mm,13.9612mm,36.6213mm
J1,SATA15P,BottomLayer,SATA_15P_贴片,33.1812mm,65.4448mm,180,,51.9612mm,64.6948mm,13.9612mm,64.6948mm
